Course Name,Learning Platform,Course Link,Image Link,Discounted Price,Initial Price,Coupon Link
Ultimate AWS Certified Developer Associate 2020 Masterclass,www.udemy.com,https://www.real.discount/offer/ultimate-aws-certified-developer-associate-2020-masterclass/,https://www.real.discount/wp-content/uploads/2020/06/Build-A-Paint-Program-With-TKinter-and-Python-1-400x225.jpg,$0.00,$200.00,https://www.udemy.com/course/aws-certified-developer-associate-masterclass/?couponCode=A86BF8215E4C16678A93
AWS Certified Cloud Practitioner From Scratch 2020,www.udemy.com,https://www.real.discount/offer/aws-certified-cloud-practitioner-from-scratch-2020/,https://www.real.discount/wp-content/uploads/2020/06/aws-certified-cloud-practitioner-from-scratch-2020-or27m63nxmmvc97tsnrtrl61i75oal3q1i86fwaaka-400x225.jpg,$0.00,$20.00,https://www.udemy.com/course/aws-certified-cloud-practitioner-exam-preparation-course/?couponCode=FREE_COUPON
Create amazing animations fast and easy using After Effects,www.udemy.com,https://www.real.discount/offer/create-amazing-animations-fast-and-easy-using-after-effects/,https://www.real.discount/wp-content/uploads/2020/06/3166906_5738-400x225.jpg,$0.00,$50.00,https://www.udemy.com/course/create-amazing-animations-fast-and-easy-using-after-effects/?couponCode=6BC85E4019C934FFC3E4
Creating professional whiteboard animation (videoscribe)2020,www.udemy.com,https://www.real.discount/offer/creating-professional-whiteboard-animation-videoscribe2020/,https://www.real.discount/wp-content/uploads/2020/06/2931322_6bfd-400x225.jpg,$0.00,$200.00,https://www.udemy.com/course/creating-professional-whiteboard-animation-videoscribe/?couponCode=26020C1B659E63B49433
Build A Paint Program With TKinter and Python,www.udemy.com,https://www.real.discount/offer/build-a-paint-program-with-tkinter-and-python/,https://www.real.discount/wp-content/uploads/2020/06/Build-A-Paint-Program-With-TKinter-and-Python-400x225.jpg,$0.00,$200.00,https://www.udemy.com/course/build-a-paint-program-with-tkinter-and-python/?couponCode=FREETODAY
The Complete Bitcoin Course: Get .0001 BTC In Your Wallet,www.udemy.com,https://www.real.discount/offer/the-complete-bitcoin-course-get-0001-btc-in-your-wallet/,https://www.real.discount/wp-content/uploads/2020/06/380970_b5b4_42-400x225.jpg,$0.00,$100.00,https://www.udemy.com/course/bitcoin-for-beginners/?couponCode=JUNE20
Python for beginners – Learn all the basics of python,www.udemy.com,https://www.real.discount/offer/python-for-beginners-learn-all-the-basics-of-python/,https://www.real.discount/wp-content/uploads/2020/05/3047216_4888.jpg,$0.00,$95.00,https://www.udemy.com/course/python-for-beginners-learn-all-the-basics-of-python/?couponCode=LASTJUNE2020
Python Programming Beginners Tutorial : Python 3 Programming,www.udemy.com,https://www.real.discount/offer/python-programming-beginners-tutorial-python-3-programming/,https://www.real.discount/wp-content/uploads/2019/08/2271214_c9ab_2-400x225.jpg,$0.00,$200.00,https://www.udemy.com/course/a-laymans-guide-to-python/?couponCode=PYTHON_JUNE
WordPress 5 Essential Training: Site Administration,www.udemy.com,https://www.real.discount/offer/wordpress-5-essential-training-site-administration/,https://www.real.discount/wp-content/uploads/2020/06/3142024_fe1b_2-400x225.jpg,$0.00,$65.00,https://www.udemy.com/course/wordpress-5-essential-training-site-administration/?couponCode=2K20PROMO
Learn Illustrator CC: Create a Simple Flat Vector Orc,www.udemy.com,https://www.real.discount/offer/learn-illustrator-cc-create-a-simple-flat-vector-orc/,https://www.real.discount/wp-content/uploads/2019/08/2316030_784e-400x225.jpg,$0.00,$50.00,https://www.udemy.com/course/learn-illustrator-cc-create-a-simple-flat-vector-orc/?couponCode=B20561992C1541B85217
Work faster in After effects 2020 (preview & render faster),www.udemy.com,https://www.real.discount/offer/work-faster-in-after-effects-2020-preview-render-faster/,https://www.real.discount/wp-content/uploads/2020/06/work-faster-in-after-effects-2020-preview-render-faster-or3gn2wdcljg8mr4tb39ik1jahw5wg0a89rb5ky0oq-400x225.jpg,,$100.00,https://www.udemy.com/course/work-faster-in-after-effects-2020-preview-render-faster/?couponCode=0E7D6EB436151B9BEB4D
Planning Quality Management (PMI – PMP),www.udemy.com,https://www.real.discount/offer/planning-quality-management-pmi-pmp/,https://www.real.discount/wp-content/uploads/2020/06/3210443_b3c0-400x225.jpg,$0.00,$25.00,https://www.udemy.com/course/planning-quality-management-pmi-pmp/?couponCode=3BD4231598C90BC66EE9
